{"spline": [{"x": -8.939719396578383, "y": -14.257104277350068, "z": 0.9484240005028534}, {"x": 2.1043612246407726, "y": -13.197749667995586, "z": 3.1152121670618453}, {"x": 9.986637738225244, "y": -8.632299250514308, "z": 3.0571427923744556}, {"x": 8.36811799183782, "y": -3.6599387526313625, "z": 2.812694489658767}]}