{"spline": [{"x": 2.2048204094308796, "y": 5.664891960089281, "z": 1.2192}, {"x": -2.3753357341547185, "y": 13.579113696957293, "z": 2.4384}, {"x": -12.382649585628316, "y": 10.886608596107035, "z": 3.048}, {"x": -6.93436683530008, "y": 3.122691163713635, "z": 1.8288}]}